CHROM	POS	REF	ALT	ID	FILTER	CADD_phred	CLNSIG	Func	Gene.refGene	patient3_p1.AF	patient3_p2.AF	patient3_p3.AF	patient3_r1.AF	patient3_r2.AF
chr1	16693155	T	TGGGCGCGGCGGCCTGGTCCGCGGAAGGCCCGGTCCGCGGAAGGCCC	rs1553130925	alignment	13.7	NA	ncRNA	ESPNP	0	0	0.167	0.059	0.05
chr1	20712324	G	T	NA	PASS	11.89	NA	genic_other	KIF17	0.5	0.444	0.619	0.208	0.125
chr1	23757124	G	C	NA	PASS	24.5	NA	missense	ELOA	0	0	0	0.19	0.145
chr1	32725326	C	A	NA	PASS	17.82	NA	intergenic	NA	0.278	0.393	0.367	0.135	0.156
chr1	32766722	G	GAAAAACATAAACATTCCCAATGTATATTTAAAAAGA	NA	PASS	16.61	NA	genic_other	KIAA1522	0.067	0.222	0.119	0.032	0.016
chr1	32848986	A	ATTCCATT	NA	PASS	18.91	NA	genic_other	S100PBP	0.464	0.217	0.371	0.138	0.178
chr1	35870987	G	A	NA	PASS	10.03	NA	genic_other	AGO1	0	0	0	0.089	0.138
chr1	39639636	G	A	NA	PASS	14.34	NA	genic_other	HEYL	0.533	0.333	0.316	0.062	0.188
chr1	42682893	ACCCGCCCGGCAGGCGCGCGCGCACTGCCTCCCGCGCCCCCTGTGGAC	A	rs1650075273	NALOD_1.0	13.59	NA	genic_other	YBX1	0	0	0.429	0	0
chr1	44250365	C	A	NA	PASS	17.12	NA	genic_other	ERI3	0	0.179	0	0	0
chr1	48017417	A	T	NA	PASS	11.87	NA	intergenic	NA	0	0.37	0	0	0
chr1	48513510	T	C	rs1569610453	PASS	10.19	NA	intergenic	NA	0.25	0.481	0.318	0.113	0.077
chr1	51326630	G	A	NA	PASS	14.95	NA	genic_other	TTC39A	0.32	0.667	0.346	0.088	0.123
chr1	52857442	C	G	NA	PASS	23.3	NA	missense	ZYG11A	0	0.188	0	0	0
chr1	66405229	T	A	NA	PASS	17.11	NA	intergenic	NA	0	0	0	0.189	0.066
chr1	69585424	A	T	NA	PASS	13.09	NA	genic_other	LRRC7	0	0	0.25	0	0
chr1	73297573	T	A	NA	PASS	11.21	NA	intergenic	NA	0.5	0.316	0.312	0.105	0.098
chr1	73369676	T	A	NA	PASS	19.3	NA	intergenic	NA	0.045	0.269	0	0	0
chr1	75329620	T	G	NA	PASS	11.25	NA	genic_other	SLC44A5	0.381	0.423	0.385	0.069	0.094
chr1	76631826	A	G	NA	PASS	10.2	NA	genic_other	ST6GALNAC3	0	0	0	0.083	0.196
chr1	79092979	A	G	NA	PASS	22	NA	intergenic	NA	0.25	0.385	0.647	0.157	0.08
chr1	81608198	A	C	NA	PASS	15.92	NA	genic_other	ADGRL2	0.219	0.31	0.435	0.135	0.19
chr1	87505686	C	CA	rs1653824649	alignment	17.33	NA	intergenic	NA	0.45	0.379	0.429	0.123	0.088
chr1	93922079	G	A	rs140318955	PASS	12.71	NA	intergenic	NA	0	0.263	0	0	0
chr1	95653674	A	T	NA	PASS	16.29	NA	intergenic	NA	0.391	0.346	0.458	0.143	0.131
chr1	95791324	A	G	NA	PASS	12.65	NA	intergenic	NA	0	0	0	0.033	0.078
chr1	97209681	A	T	NA	PASS	15.02	NA	ncRNA	DPYD-AS1	0.333	0	0	0	0
chr1	110847621	A	C	NA	PASS	10.03	NA	intergenic	NA	0.382	0.261	0.243	0.077	0.108
chr1	122620381	T	C	rs1656342501	NALOD_1.0,alignment	12.91	NA	intergenic	NA	0	0	0.2	0.038	0
chr1	122691406	C	T	rs1311234199	alignment	11.46	NA	intergenic	NA	0	0.333	0	0.208	0.13
chr1	122692514	A	T	rs1232389222	NALOD_1.0,alignment	12.45	NA	intergenic	NA	0	0.3	0.4	0.167	0.083
chr1	122865678	C	T	NA	alignment	11.16	NA	intergenic	NA	0.154	0	0.048	0.071	0
chr1	122985626	C	A	rs1650413299	alignment	10.3	NA	intergenic	NA	0.053	0.111	0.083	0.148	0.105
chr1	123074550	C	T	rs1239802972	NALOD_1.0,alignment	11.32	NA	intergenic	NA	0.143	0.333	0	0.167	0.167
chr1	123341180	C	G	NA	alignment	10.9	NA	intergenic	NA	0.125	0.154	0.125	0.125	0.125
chr1	123355484	T	A	rs1659141794	alignment	12.29	NA	intergenic	NA	0.333	0.6	0.143	0.133	0
chr1	123381949	A	C	rs1659627326	alignment	12.49	NA	intergenic	NA	0.333	0	0	0.154	0.125
chr1	123428039	G	A	rs1648250259	alignment	10.95	NA	intergenic	NA	0	0.077	0.037	0.022	0.021
chr1	123456070	G	C	rs1214424100	alignment	10.2	NA	intergenic	NA	0	0	0.056	0.121	0.132
chr1	123840928	G	A	rs1656997631	alignment	10.93	NA	intergenic	NA	0	0.1	0.167	0.111	0.286
chr1	124050561	T	G	rs1650367231	alignment	11.66	NA	intergenic	NA	0	0.182	0.056	0.069	0.049
chr1	124395746	A	G	rs1653928058	alignment	12.65	NA	intergenic	NA	0	0.1	0.143	0.111	0.037
chr1	124460330	T	A	rs1655059245	NALOD_1.0,alignment	12.2	NA	intergenic	NA	0.125	0.667	0	0	0
chr1	124537502	G	T	rs1656882116	alignment	10.11	NA	intergenic	NA	0.125	0.25	0.2	0	0.133
chr1	124543494	C	G	rs1657008528	alignment	10.47	NA	intergenic	NA	0	0	0.167	0.2	0
chr1	124633742	C	T	rs1658613114	alignment	11.23	NA	intergenic	NA	0.182	0.2	0	0.087	0.105
chr1	151301914	G	A	NA	PASS	31	NA	missense	PI4KB	0.258	0.269	0.379	0.091	0.143
chr1	162392020	C	T	rs1013057277	PASS	10.91	NA	intergenic	NA	0.25	0.185	0.306	0.102	0.117
chr1	166844599	T	C	NA	PASS	17.05	NA	genic_other	POGK	0	0.195	0	0	0
chr1	170175657	A	T	NA	PASS	18.27	NA	ncRNA	LINC01681	0	0	0.375	0	0
chr1	174143497	T	C	NA	PASS	10.17	NA	ncRNA	RABGAP1L-DT	0	0	0	0.051	0.062
chr1	175283957	T	C	NA	PASS	11.36	NA	intergenic	NA	0.438	0.271	0.31	0.119	0.14
chr1	176286768	T	C	NA	PASS	12.78	NA	intergenic	NA	0.324	0.257	0.32	0.098	0.015
chr1	176480202	C	A	rs1652327082	PASS	12.82	NA	genic_other	PAPPA2	0	0	0	0.074	0.038
chr1	177498759	T	A	NA	PASS	13.12	NA	intergenic	NA	0	0	0	0.069	0.056
chr1	185906348	A	G	NA	PASS	15.92	NA	genic_other	HMCN1	0.125	0.229	0.255	0.132	0.102
chr1	186227381	T	C	NA	PASS	15.43	NA	intergenic	NA	0	0.229	0	0	0
chr1	186357487	T	C	NA	PASS	32	NA	missense	TPR	0.667	0.553	0.577	0.213	0.204
chr1	187297057	G	T	rs1387660270	PASS	18.83	NA	ncRNA	LINC01036	0	0	0	0.103	0.046
chr1	187455358	A	T	NA	PASS	12	NA	ncRNA	LINC01037	0	0	0	0.013	0.062
chr1	201648690	AGCGT	A	NA	PASS	29.8	NA	frameshift_indel	NAV1	0.458	0.429	0.385	0.029	0.162
chr1	202602009	C	T	rs776808978	PASS	28.6	NA	missense	SYT2	0	0	0.196	0	0
chr1	204469538	G	C	rs1190843782	PASS	22.6	NA	missense	PIK3C2B	0.019	0.268	0	0.08	0.081
chr1	218155223	T	A	NA	PASS	12.37	NA	intergenic	NA	0	0	0	0.054	0.056
chr1	218702842	C	G	NA	PASS	16.47	NA	ncRNA	MIR548F3	0	0	0	0.02	0.056
chr1	221612566	C	T	rs1428706870	PASS	10.99	NA	intergenic	NA	0	0	0	0.032	0.061
chr1	222832563	T	A	NA	PASS	13.2	NA	genic_other	DISP1	0	0	0	0.086	0.102
chr1	225653040	CCGCCGCTCCACAGGCCCGCGCTCGCCGCGCCGCCGCCGAGGCCGTGTGCAACCGGCAGCTG	C	NA	PASS	16.28	NA	genic_other	ENAH	0.065	0	0	0	0
chr1	236597642	A	C	NA	PASS	10.98	NA	genic_other	HEATR1	0	0.205	0	0	0
chr1	240465967	A	C	NA	PASS	17.87	NA	genic_other	FMN2	0.147	0	0	0	0
chr1	242414496	A	T	NA	PASS	10.44	NA	genic_other	PLD5	0.243	0.268	0.324	0.027	0.049
chr1	242504488	C	A	NA	PASS	12.51	NA	genic_other	PLD5	0.194	0.389	0.205	0.133	0.121
chr2	567589	A	C	NA	PASS	10.48	NA	intergenic	NA	0.062	0.275	0.231	0.111	0.141
chr2	5469142	T	A	NA	PASS	14.46	NA	intergenic	NA	0.286	0.32	0.32	0.11	0.053
chr2	6475518	A	AGCTGGCTGGGTCTCGTTGCACAG	NA	PASS	11.11	NA	intergenic	NA	0.073	0.08	0	0.03	0.016
chr2	6475520	C	CTCTGTGGCTGGACTTACAGCT	NA	PASS	10.47	NA	intergenic	NA	0.073	0.083	0	0.031	0.016
chr2	7667399	A	C	NA	PASS	10.24	NA	intergenic	NA	0.48	0.31	0.214	0.06	0.072
chr2	11214839	C	A	NA	PASS	34	NA	splicing	ROCK2	0	0	0	0.078	0.106
chr2	11776358	A	G	NA	PASS	15.93	NA	genic_other	LPIN1	0	0	0.229	0	0
chr2	13224760	T	G	NA	PASS	12.68	NA	intergenic	NA	0.3	0.257	0.357	0.101	0.075
chr2	26993033	A	G	NA	PASS	10.57	NA	ncRNA	MAPRE3-AS1	0.571	0.612	0.707	0.188	0.234
chr2	31812261	A	G	NA	PASS	10.16	NA	intergenic	NA	0.25	0.295	0.353	0.069	0.125
chr2	33019265	G	A	NA	PASS	16.67	NA	genic_other	LTBP1	0	0	0	0.1	0.048
chr2	36366854	C	G	NA	PASS	11.79	NA	genic_other	CRIM1	0	0	0	0.014	0.079
chr2	49194817	C	T	NA	PASS	14	NA	intergenic	NA	0.321	0.4	0.41	0.115	0.036
chr2	49263405	G	T	rs1197138226	PASS	10.81	NA	intergenic	NA	0.5	0.594	0.389	0.176	0.188
chr2	52466283	C	T	NA	PASS	14.56	NA	intergenic	NA	0.048	0	0	0.086	0.136
chr2	57585037	G	C	rs866363967	PASS	10.82	NA	intergenic	NA	0	0.233	0	0	0
chr2	57898206	G	A	NA	PASS	22.1	NA	intergenic	NA	0	0	0	0.071	0.138
chr2	58905796	T	A	NA	PASS	15.93	NA	ncRNA	LINC01122	0.375	0.351	0.31	0.122	0.153
chr2	60603139	T	A	NA	PASS	16.71	NA	intergenic	NA	0	0	0	0.085	0.211
chr2	64940556	T	C	NA	PASS	10.8	NA	intergenic	NA	0	0	0	0.083	0.033
chr2	65971624	G	T	NA	PASS	20.4	NA	intergenic	NA	0	0	0.364	0	0
chr2	67932712	A	G	NA	PASS	13.6	NA	intergenic	NA	0	0	0.185	0	0
chr2	71093261	G	T	NA	PASS	11.73	NA	intergenic	NA	0.303	0.239	0.45	0.077	0.157
chr2	72241377	G	A	NA	PASS	10.09	NA	genic_other	EXOC6B	0.455	0.556	0.696	0.119	0.153
chr2	89800267	C	T	rs1036758932	PASS	14.07	NA	intergenic	NA	0	0	0	0.026	0.044
chr2	91416298	G	A	rs1366745641	NALOD_1.0,alignment	14.21	NA	intergenic	NA	0.1	0.111	0.05	0.095	0.2
chr2	92398515	T	A	NA	alignment	10.77	NA	intergenic	NA	0	0	0	0	0.3
chr2	92414613	T	A	rs1271425693	alignment	11.31	NA	intergenic	NA	0.122	0.048	0.069	0.071	0.061
chr2	92785875	A	T	rs1573257199	alignment	11.29	NA	intergenic	NA	0	0.333	0.125	0.1	0.143
chr2	93489662	A	T	rs1674311118	NALOD_1.0,alignment	10.64	NA	intergenic	NA	0.222	0	0	0.286	0.083
chr2	93953690	A	G	rs1304230466	alignment	11.17	NA	intergenic	NA	0.077	0.071	0	0	0.071
chr2	99221043	C	G	NA	PASS	11.48	NA	intergenic	NA	0.171	0.2	0.378	0.096	0.101
chr2	116809421	C	G	NA	PASS	10.03	NA	intergenic	NA	0.162	0.245	0.162	0.139	0.083
chr2	118319234	C	T	rs187581340	PASS	15.3	NA	intergenic	NA	0	0	0	0.044	0.064
chr2	118520238	A	T	NA	PASS	16.15	NA	intergenic	NA	0.158	0.173	0.3	0.048	0.119
chr2	123620252	A	C	NA	PASS	14.78	NA	intergenic	NA	0	0	0.238	0	0
chr2	126557427	C	T	rs564332519	alignment	10.48	NA	intergenic	NA	0.222	0.095	0.094	0.113	0.124
chr2	132884963	C	G	NA	PASS	16.92	NA	genic_other	NCKAP5	0.4	0.481	0.591	0.079	0.208
chr2	132897324	T	C	NA	PASS	13.91	NA	genic_other	NCKAP5	0	0	0	0.037	0.099
chr2	136172717	AAAGTAAC	A	NA	PASS	10.48	NA	intergenic	NA	0.016	0.034	0.088	0	0
chr2	139531673	A	T	NA	PASS	14.43	NA	intergenic	NA	0.586	0.387	0.581	0.176	0.174
chr2	139547646	C	T	NA	PASS	13.45	NA	intergenic	NA	0	0.304	0	0	0
chr2	144125639	G	C	NA	PASS	18.84	NA	genic_other	GTDC1	0.341	0.159	0.171	0.086	0.113
chr2	144710787	T	A	NA	PASS	21.3	NA	ncRNA	TEX41	0.216	0.327	0.4	0.177	0.094
chr2	145750928	C	A	NA	PASS	15.87	NA	intergenic	NA	0.14	0.235	0.362	0.058	0.081
chr2	147844212	G	A	rs1685220943	PASS	17.28	NA	genic_other	ACVR2A	0.391	0.423	0.381	0.294	0.355
chr2	149319891	T	C	NA	alignment	10.24	NA	intergenic	NA	0.227	0.172	0.158	0.086	0.085
chr2	155830655	T	A	NA	PASS	18.11	NA	intergenic	NA	0.385	0.5	0.264	0.185	0.217
chr2	157634821	G	C	NA	PASS	15.54	NA	intergenic	NA	0	0	0	0.111	0.111
chr2	162700723	T	A	NA	PASS	19.17	NA	genic_other	KCNH7	0	0	0	0.015	0.074
chr2	171834839	C	A	NA	PASS	22.1	NA	missense	SLC25A12	0	0	0	0.052	0.048
chr2	178785668	G	T	NA	PASS	22.4	NA	missense	TTN	0.233	0.125	0.222	0.061	0.062
chr2	180416676	TCA	T	NA	PASS	19.26	NA	intergenic	NA	0.064	0	0.04	0	0
chr2	181178757	T	G	NA	PASS	15.83	NA	ncRNA	LINC01934	0.139	0.189	0.394	0.014	0
chr2	181725265	G	A	NA	PASS	19.31	NA	intergenic	NA	0.184	0.232	0.209	0.051	0.053
chr2	184394791	A	G	NA	PASS	10.17	NA	intergenic	NA	0.279	0.353	0.273	0	0
chr2	193595231	C	G	rs1280339868	PASS	10.16	NA	intergenic	NA	0.139	0.267	0.225	0.029	0.04
chr2	194725259	C	A	rs1348686840	PASS	14.98	NA	intergenic	NA	0.061	0.256	0	0.044	0.138
chr2	198312681	A	T	NA	PASS	12.01	NA	ncRNA	LINC01923	0.277	0.2	0.279	0.116	0.146
chr2	199070409	C	T	rs1354050398	PASS	13.73	NA	intergenic	NA	0	0	0	0.07	0.077
chr2	203870936	G	T	NA	PASS	23.3	NA	genic_other	CTLA4	0.305	0.361	0.36	0.119	0.119
chr2	206803977	G	A	NA	PASS	15.16	NA	intergenic	NA	0	0	0	0.015	0.074
chr2	208266051	C	G	NA	PASS	17.61	NA	genic_other	PIKFYVE	0.023	0	0	0.123	0.099
chr2	217749192	G	T	NA	PASS	17.07	NA	ncRNA	DIRC3	0.448	0.625	0.559	0.103	0.193
chr2	217777186	G	A	NA	PASS	13.32	NA	intergenic	NA	0.325	0.467	0.561	0.172	0.094
chr2	224873910	G	A	NA	PASS	14.15	NA	genic_other	DOCK10	0.395	0.362	0.449	0.148	0.081
chr2	227846793	TC	AA	NA	PASS	11.82	NA	intergenic	NA	0	0	0	0.034	0.097
chr2	238728885	G	C	rs1199007594	PASS	10.71	NA	intergenic	NA	0.074	0	0	0	0
chr3	5879320	T	A	NA	PASS	14.35	NA	intergenic	NA	0.333	0.395	0.161	0.159	0.048
chr3	6446050	A	T	NA	PASS	10.14	NA	intergenic	NA	0	0	0	0.079	0.049
chr3	15996411	G	A	NA	alignment	10.23	NA	intergenic	NA	0	0	0	0.077	0.073
chr3	16521633	C	G	NA	PASS	10.36	NA	intergenic	NA	0.259	0.256	0.344	0.073	0.114
chr3	18525489	G	A	NA	PASS	15.28	NA	ncRNA	SATB1-AS1	0	0	0	0.149	0.056
chr3	18745928	T	G	NA	PASS	10.24	NA	intergenic	NA	0	0	0	0.044	0.115
chr3	20463086	G	T	NA	PASS	12.48	NA	intergenic	NA	0	0	0	0.03	0.082
chr3	21145429	A	T	rs1469092262	PASS	11.81	NA	intergenic	NA	0.28	0.226	0.19	0.125	0.113
chr3	29466046	C	T	rs2042530839	PASS	12.22	NA	genic_other	RBMS3	0.263	0.405	0.343	0.035	0.13
chr3	34985906	C	T	NA	PASS	16.7	NA	ncRNA	LOC101928135	0	0	0	0.092	0.103
chr3	35686822	T	A	NA	PASS	14.15	NA	genic_other	ARPP21	0	0	0	0.129	0.129
chr3	35944748	A	C	NA	PASS	16.3	NA	intergenic	NA	0.243	0.289	0.128	0.197	0.099
chr3	38110269	A	G	NA	PASS	13.54	NA	missense	DLEC1	0.225	0.263	0.244	0.056	0.147
chr3	43884123	A	T	NA	PASS	17.68	NA	intergenic	NA	0.556	0.561	0.667	0.237	0.181
chr3	43991473	C	A	NA	PASS	13.6	NA	intergenic	NA	0.296	0.182	0.233	0.182	0.045
chr3	45147717	A	T	NA	PASS	12.98	NA	intergenic	NA	0	0	0	0.115	0.125
chr3	51708920	G	A	rs778873506	PASS	15.69	NA	genic_other	GRM2	0	0	0.227	0	0
chr3	58335337	C	T	NA	PASS	15.28	NA	genic_other	PXK	0.088	0.256	0	0.034	0.037
chr3	64860033	TTTCATG	T	NA	PASS	10.32	NA	ncRNA	ADAMTS9-AS2	0.121	0	0.023	0	0
chr3	72695939	C	T	NA	PASS	11.57	NA	intergenic	NA	0.243	0.469	0.281	0.257	0.206
chr3	73462117	C	T	NA	PASS	10.81	NA	genic_other	PDZRN3	0.318	0.209	0.286	0.072	0.15
chr3	76371226	AGAT	A	NA	PASS	11.63	NA	genic_other	ROBO2	0	0.212	0	0	0
chr3	76777222	A	T	NA	PASS	13.22	NA	genic_other	ROBO2	0.267	0.5	0.242	0.194	0.159
chr3	78168858	G	A	NA	PASS	11.59	NA	intergenic	NA	0	0	0	0.113	0.085
chr3	81895964	G	C	NA	PASS	11.77	NA	intergenic	NA	0.529	0.413	0.75	0.155	0.188
chr3	84432862	G	A	rs1704167307	PASS	16.32	NA	intergenic	NA	0.425	0.487	0.531	0.164	0.19
chr3	86634223	C	T	NA	PASS	13.55	NA	intergenic	NA	0	0	0	0.079	0.088
chr3	98000992	T	G	NA	PASS	11.26	NA	genic_other	GABRR3	0.118	0.184	0.361	0.074	0.071
chr3	107834195	A	G	rs2071438990	PASS	11.88	NA	intergenic	NA	0.057	0.268	0	0.069	0.064
chr3	108487167	T	C	rs1411271548	PASS	15.96	NA	genic_other	MYH15	0	0	0	0.118	0.057
chr3	111929577	A	G	rs2068997349	PASS	13.57	NA	genic_other	PHLDB2	0.4	0.578	0.557	0.26	0.176
chr3	113409121	C	T	rs748601404	PASS	24.3	NA	missense	CFAP44	0	0.02	0.123	0	0
chr3	115697881	T	C	NA	PASS	10.67	NA	genic_other	GAP43	0.412	0.37	0.417	0.161	0.234
chr3	118777221	T	C	NA	PASS	13.45	NA	ncRNA	LOC105374060	0.314	0.207	0.12	0.063	0.088
chr3	121403744	C	T	rs2046936289	PASS	10.93	NA	genic_other	STXBP5L	0	0.1	0	0	0
chr3	121749652	G	T	NA	PASS	12.28	NA	genic_other	GOLGB1	0.107	0.208	0.204	0.079	0.133
chr3	123385701	A	G	NA	PASS	10.37	NA	genic_other	ADCY5	0.196	0.181	0.087	0.109	0.055
chr3	127916334	C	A	NA	PASS	12.81	NA	genic_other	KBTBD12	0	0	0	0.025	0.074
chr3	130920070	T	G	NA	PASS	15.56	NA	genic_other	ATP2C1	0	0	0	0.083	0.068
chr3	141443974	A	G	rs560855672	PASS	28.8	NA	missense	ZBTB38	0	0	0	0.035	0.071
chr3	157153309	C	T	NA	PASS	21.8	NA	genic_other	CCNL1	0	0	0.102	0	0
chr3	157938097	A	G	NA	PASS	11.63	NA	intergenic	NA	0.226	0.358	0.367	0.125	0.139
chr3	163006717	C	A	rs1190413167	PASS	10.51	NA	intergenic	NA	0	0.138	0	0	0
chr3	169663356	C	G	NA	PASS	26.1	NA	missense	MECOM	0.412	0.333	0.449	0.254	0.203
chr3	173411855	AG	A	NA	PASS	17.36	NA	genic_other	NLGN1	0.28	0.222	0.41	0.152	0.148
chr3	174061036	T	G	NA	PASS	10.26	NA	genic_other	NLGN1	0.213	0.153	0.245	0.058	0.08
chr3	174117043	T	C	NA	PASS	11.34	NA	genic_other	NLGN1	0	0.105	0	0	0
chr3	179778026	A	C	NA	PASS	11.35	NA	genic_other	USP13	0	0	0	0.068	0.047
chr3	180214350	A	T	NA	PASS	15.54	NA	intergenic	NA	0.189	0.23	0.24	0.064	0.082
chr3	180353887	A	G	NA	PASS	11.5	NA	intergenic	NA	0.119	0.32	0.021	0.222	0.182
chr3	180754723	C	A	NA	PASS	12.23	NA	ncRNA	LOC101928882	0.229	0.183	0.161	0.182	0.097
chr3	188233190	A	C	NA	PASS	12.27	NA	genic_other	LPP	0.275	0.236	0.167	0.104	0.083
chr4	13148832	G	C	NA	PASS	18.76	NA	intergenic	NA	0	0	0	0.012	0.1
chr4	13172404	T	G	NA	PASS	15.04	NA	intergenic	NA	0.56	0.259	0.389	0.147	0.147
chr4	45117644	ATGACAGTTCTGCATGTTAATGCTAACTG	A	NA	PASS	11.48	NA	intergenic	NA	0	0.31	0	0	0
chr4	50802809	T	G	rs1488630300	alignment	11.2	NA	intergenic	NA	0.333	0.167	0.111	0.231	0.143
chr4	50882020	T	C	rs1721582086	NALOD_1.0,alignment	11.56	NA	intergenic	NA	0.111	0.273	0.3	0.091	0.148
chr4	51227247	A	T	rs1169475991	alignment	10.63	NA	intergenic	NA	0.125	0.2	0	0.118	0
chr4	51478676	A	C	rs1368123412	NALOD_1.0,alignment	10.94	NA	intergenic	NA	0.125	0	0.2	0.15	0
chr4	51640363	T	C	rs1394618323	alignment	10.91	NA	intergenic	NA	0.167	0	0	0.077	0.182
chr4	51640871	A	T	rs1156815493	alignment	10.33	NA	intergenic	NA	0	0.058	0	0.035	0.017
chr4	54430899	G	C	NA	PASS	12.92	NA	intergenic	NA	0	0	0	0.061	0.097
chr4	58330010	AAATTAC	A	NA	PASS	12.02	NA	intergenic	NA	0	0.029	0.115	0	0
chr4	68263843	T	C	NA	PASS	14.52	NA	intergenic	NA	0	0.208	0	0	0
chr4	71329539	GG	TT	NA	PASS	11.57	NA	genic_other	SLC4A4	0.136	0	0	0.094	0.075
chr4	72592328	A	T	NA	PASS	13.91	NA	intergenic	NA	0.462	0.421	0.474	0.153	0.088
chr4	73191141	C	T	NA	PASS	11.23	NA	genic_other	ANKRD17	0	0	0	0.042	0.057
chr4	78918253	A	G	NA	PASS	15.23	NA	genic_other	PAQR3	0.792	0.885	0.765	0.286	0.279
chr4	88007523	C	G	NA	PASS	12.95	NA	genic_other	PKD2	0.316	0.545	0.182	0.071	0.13
chr4	104246924	T	C	rs1732339225	PASS	10.96	NA	intergenic	NA	0	0	0	0.094	0.038
chr4	121037174	C	T	rs375890636	PASS	19.32	NA	missense	NDNF	0	0.032	0	0	0.063
chr4	133501764	C	G	NA	PASS	12.49	NA	intergenic	NA	0	0.034	0	0.068	0.089
chr4	134305887	C	A	NA	PASS	11.76	NA	intergenic	NA	0	0	0	0.111	0.088
chr4	139333046	T	C	rs1747076652	PASS	14.96	NA	genic_other	NAA15	0.84	0.846	0.778	0.24	0.265
chr4	139585305	C	T	rs1728804118	PASS	16.63	NA	intergenic	NA	0	0	0	0.037	0.067
chr4	150497632	C	T	NA	PASS	18.8	NA	genic_other	LRBA	0.409	0.355	0.483	0.195	0.163
chr4	150936947	G	C	NA	PASS	11.86	NA	genic_other	LRBA	0.929	0.939	0.833	0.195	0.286
chr4	155417573	C	T	NA	PASS	10.24	NA	intergenic	NA	0.273	0.333	0	0.118	0.138
chr4	156647478	G	T	NA	PASS	10.72	NA	intergenic	NA	0	0	0	0.174	0.057
chr4	158466313	C	T	rs1308044009	alignment	12.56	NA	intergenic	NA	0.231	0.111	0.1	0.108	0.071
chr4	166006086	A	G	NA	PASS	12.76	NA	genic_other	TLL1	0	0	0	0.045	0.056
chr4	172062810	G	A	NA	PASS	12.99	NA	genic_other	GALNTL6	0.808	0.955	0.848	0.377	0.145
chr4	174495601	GC	G	NA	PASS	23.5	NA	frameshift_indel	HPGD	0	0	0.318	0	0
chr4	174495603	TGCTGTGCAACGGGCA	T	NA	PASS	16.98	NA	inframe_indel	HPGD	0	0	0.259	0	0
chr4	178049193	T	G	NA	PASS	13.79	NA	intergenic	NA	0	0	0.278	0	0
chr4	180901639	C	T	NA	PASS	14.02	NA	intergenic	NA	0.04	0	0	0.177	0.094
chr4	181983012	C	T	NA	PASS	13.13	NA	intergenic	NA	0	0	0.25	0	0
chr4	182193909	G	C	NA	PASS	10.36	NA	intergenic	NA	0	0	0	0.182	0.105
chr5	692972	C	T	NA	PASS	10.68	NA	genic_other	TPPP	0	0.195	0	0	0
chr5	6475109	GCTATTATGATTCTTAATCAAAAAGCCGAGATTGTATTGCAATGCCCTTATACAAATAA	G	NA	PASS	13.58	NA	genic_other	UBE2QL1	0.043	0.264	0	0.057	0.048
chr5	11889553	T	A	NA	PASS	16.87	NA	genic_other	CTNND2	0.306	0.316	0.16	0.119	0.1
chr5	13650825	G	A	NA	PASS	11.3	NA	intergenic	NA	0	0	0	0.071	0.131
chr5	17801878	A	T	NA	PASS	13.08	NA	intergenic	NA	0.543	0.568	0.647	0.246	0.211
chr5	29663374	G	T	NA	PASS	14.84	NA	intergenic	NA	0.27	0.276	0.393	0.091	0.093
chr5	31213865	TG	T	NA	PASS	16.3	NA	genic_other	CDH6	0.29	0.267	0.357	0.106	0.14
chr5	38254071	G	T	NA	PASS	10.1	NA	intergenic	NA	0	0	0	0.108	0.111
chr5	46099959	A	C	NA	PASS	10.78	NA	intergenic	NA	0.154	0.261	0.24	0.071	0.066
chr5	56826183	T	G	NA	PASS	11.53	NA	genic_other	MAP3K1	0.279	0.182	0.333	0.051	0.074
chr5	71708139	A	G	rs1480164564	PASS	17.4	NA	intergenic	NA	0.346	0.227	0.391	0.2	0.212
chr5	75379343	A	C	NA	PASS	16.5	NA	genic_other	CERT1	0	0	0	0.072	0.132
chr5	78088171	T	G	NA	PASS	11.5	NA	genic_other	AP3B1	0.333	0.469	0.4	0.233	0.091
chr5	81854502	A	AT	NA	PASS	13.57	NA	intergenic	NA	0.542	0.5	0.692	0.15	0.15
chr5	82473444	G	A	NA	PASS	12.56	NA	intergenic	NA	0.5	0.381	0.476	0.094	0.091
chr5	83388692	G	A	NA	PASS	13.48	NA	intergenic	NA	0.143	0	0	0	0
chr5	88881487	G	A	NA	PASS	14.95	NA	genic_other	MEF2C	0.5	0.5	0.393	0.157	0.071
chr5	89772276	T	A	NA	PASS	11.47	NA	intergenic	NA	0	0.14	0	0	0
chr5	102486083	G	T	rs1040879992	PASS	14.22	NA	genic_other	SLCO6A1	0.318	0.441	0.357	0.067	0.153
chr5	113883138	C	A	NA	PASS	12.33	NA	intergenic	NA	0	0	0	0.089	0.071
chr5	128638976	C	A	NA	PASS	14.48	NA	intergenic	NA	0.727	0.417	0.6	0.2	0.08
chr5	130692160	A	G	NA	PASS	10.55	NA	intergenic	NA	0.421	0.308	0.2	0.122	0.051
chr5	137696162	T	G	NA	PASS	19.04	NA	genic_other	KLHL3	0.483	0.229	0.464	0.181	0.101
chr5	140660212	T	G	rs770117038	PASS	15.18	NA	genic_other	IK	0.222	0.312	0.355	0.13	0.093
chr5	145629240	G	C	NA	PASS	14.47	NA	intergenic	NA	0.297	0.375	0.28	0.087	0.07
chr5	146071054	C	A	NA	PASS	13.15	NA	intergenic	NA	0.516	0.348	0.516	0.082	0.205
chr5	146877131	C	G	NA	PASS	11.83	NA	genic_other	PPP2R2B	0	0.162	0	0	0
chr5	150228003	AGCTGGTAGTTGATG	A	NA	CONTQ_10	11.58	NA	genic_other	CAMK2A	0.042	0.083	0	0	0
chr5	156965328	A	T	NA	PASS	14.97	NA	intergenic	NA	0	0.333	0	0	0
chr5	171017942	G	C	rs1251167763	PASS	10.92	NA	genic_other	RANBP17	0	0	0	0.095	0.049
chr6	9787078	T	G	NA	PASS	11.09	NA	intergenic	NA	0	0	0	0.056	0.048
chr6	19921232	CA	C	rs997502698	PASS	13.84	NA	intergenic	NA	0.351	0.211	0.108	0.097	0.123
chr6	27472866	G	A	NA	PASS	15.59	NA	genic_other	ZNF184	0.268	0.176	0.179	0.128	0.06
chr6	31016167	T	C	NA	PASS	11.29	NA	genic_other	MUC22	0.212	0.188	0.188	0.039	0.176
chr6	31625548	G	A	NA	PASS	15.89	NA	synonymous	PRRC2A	0	0	0	0.057	0.053
chr6	35425296	A	T	NA	PASS	12.06	NA	genic_other	PPARD	0.157	0.286	0.192	0.162	0.138
chr6	36709543	A	G	NA	PASS	13.6	NA	genic_other	RAB44	0.283	0.255	0.184	0.029	0.12
chr6	43635800	G	A	NA	PASS	15.48	NA	genic_other	MAD2L1BP	0.024	0	0.2	0	0
chr6	44074559	A	AAAAAGAATGAGGCCCTAACAAGTTAATTGGAAGTTCT	NA	PASS	11.55	NA	ncRNA	LOC101929705	0	0	0.1	0	0
chr6	46351656	A	C	NA	PASS	16.95	NA	ncRNA	LOC101926915	0	0.13	0	0	0
chr6	48251190	T	C	NA	PASS	18.71	NA	intergenic	NA	0.371	0.543	0.543	0.169	0.22
chr6	50311329	G	T	NA	PASS	14.54	NA	intergenic	NA	0	0	0	0.102	0.063
chr6	51336021	T	C	NA	PASS	10	NA	intergenic	NA	0	0	0	0.09	0.048
chr6	58887108	A	G	NA	alignment	12.91	NA	intergenic	NA	0.214	0.333	0	0.119	0.129
chr6	61974000	T	C	rs1275023742	PASS	11.57	NA	genic_other	KHDRBS2	0.213	0.128	0.29	0.13	0.075
chr6	63646437	T	G	NA	PASS	16.1	NA	genic_other	PHF3	0.058	0.136	0.216	0.067	0.089
chr6	68573858	C	T	NA	PASS	10.84	NA	intergenic	NA	0.521	0.7	0.514	0.2	0.194
chr6	69814309	A	ATGTT	NA	PASS	11.55	NA	intergenic	NA	0	0	0.409	0	0.02
chr6	84671901	A	G	NA	PASS	15.62	NA	intergenic	NA	0	0	0	0.053	0.109
chr6	85495729	G	T	rs956028658	PASS	11.04	NA	genic_other	NT5E	0.042	0	0	0.125	0.058
chr6	93603197	G	T	rs566189667	PASS	10.71	NA	intergenic	NA	0.412	0.562	0.435	0.167	0.024
chr6	93961716	C	A	NA	PASS	17.31	NA	intergenic	NA	0.458	0.583	0.381	0.096	0.093
chr6	97891489	T	A	NA	PASS	11.35	NA	intergenic	NA	0.909	0.913	0.75	0.327	0.341
chr6	99281208	C	T	rs1334042322	PASS	25.5	NA	missense	FAXC	0.143	0.231	0	0	0
chr6	113744902	G	T	NA	PASS	15.69	NA	intergenic	NA	0	0	0	0	0.122
chr6	117583353	T	A	NA	PASS	13.8	NA	genic_other	GOPC	0	0	0	0.053	0.048
chr6	125618454	G	C	NA	PASS	15.19	NA	intergenic	NA	0	0	0	0.106	0.056
chr6	139589186	A	T	NA	PASS	18.11	NA	intergenic	NA	0.621	0.5	0.231	0.173	0.137
chr6	139938306	T	A	NA	PASS	16.79	NA	intergenic	NA	0.368	0.542	0.4	0.098	0.222
chr6	140829022	A	T	NA	PASS	11.75	NA	intergenic	NA	0.818	1	0.944	0.226	0.254
chr6	157830693	G	C	NA	PASS	10.95	NA	genic_other	SNX9	0.75	0.923	0.826	0.246	0.262
chr6	160315537	A	T	rs1583420592	PASS	11.06	NA	intergenic	NA	0	0.231	0	0	0
chr6	164592206	T	A	rs1777968323	PASS	13.9	NA	intergenic	NA	0.957	0.8	0.9	0.295	0.216
chr6	169800705	G	A	NA	PASS	12.67	NA	ncRNA	LINC00574	0	0	0	0.074	0.1
chr7	4065862	A	C	NA	PASS	10.15	NA	genic_other	SDK1	0	0	0	0.094	0.107
chr7	15334660	C	T	rs190649216	PASS	16.62	NA	genic_other	AGMO	0	0	0	0.095	0.086
chr7	22628205	CT	C	NA	PASS	14.96	NA	intergenic	NA	0.286	0.448	0.425	0.073	0.146
chr7	23595083	T	A	NA	PASS	11.02	NA	intergenic	NA	0	0	0.156	0	0
chr7	25168323	G	A	NA	PASS	38	NA	stopgain	C7orf31	0	0	0	0.015	0.069
chr7	26206366	A	T	rs762818575	PASS	35	NA	splicing	CBX3	0	0.029	0.074	0	0.032
chr7	27125584	T	A	NA	PASS	14.29	NA	ncRNA	HOXA-AS2	0	0	0	0.031	0.049
chr7	28750407	G	A	NA	PASS	13.03	NA	genic_other	CREB5	0	0	0	0.061	0.058
chr7	39039121	C	A	NA	PASS	17.98	NA	genic_other	POU6F2	0	0	0	0.036	0.12
chr7	39085457	A	T	NA	PASS	17.28	NA	genic_other	POU6F2	0	0	0	0.043	0.079
chr7	50294083	T	C	rs1787771468	PASS	16.7	NA	intergenic	NA	0	0.133	0	0	0
chr7	57195368	C	T	rs1787806027	PASS	10.48	NA	intergenic	NA	0.185	0	0	0	0
chr7	61068265	T	A	NA	PASS	11.22	NA	intergenic	NA	0.455	0.256	0.378	0.138	0.135
chr7	76364611	G	C	NA	PASS	13.08	NA	intergenic	NA	0.571	0.548	0.471	0.191	0.193
chr7	82328123	A	G	NA	PASS	11.86	NA	genic_other	CACNA2D1	0.556	0.698	0.605	0.164	0.219
chr7	87413624	G	T	NA	PASS	24.2	NA	missense	ABCB4	0.545	0.639	0.644	0.185	0.191
chr7	95016106	C	T	NA	PASS	13.01	NA	genic_other	PPP1R9A	0	0	0	0.075	0.053
chr7	99050689	G	A	NA	PASS	12.77	NA	genic_other	SMURF1	0	0	0	0.09	0.034
chr7	99287957	C	T	NA	PASS	14.43	NA	ncRNA	MYH16	0.208	0.25	0.268	0.161	0.125
chr7	102150823	G	A	rs75503564	PASS	11.05	NA	genic_other	CUX1	0	0.194	0	0	0
chr7	104324682	G	A	NA	PASS	11.88	NA	intergenic	NA	0.317	0.34	0.353	0.154	0.104
chr7	111475367	C	A	NA	PASS	11.55	NA	genic_other	IMMP2L	0	0	0	0.055	0.119
chr7	112484815	C	A	NA	PASS	15.61	NA	genic_other	LSMEM1	0	0.196	0	0	0
chr7	112767664	C	A	rs528908479	PASS	16.55	NA	missense	TMEM168	0	0	0	0.048	0.141
chr7	114361183	C	T	NA	PASS	15.31	NA	intergenic	NA	0.346	0.211	0.341	0.071	0.13
chr7	114523526	C	A	NA	PASS	11.93	NA	genic_other	FOXP2	0.224	0.259	0.325	0.104	0.197
chr7	117429114	A	T	NA	PASS	12.74	NA	intergenic	NA	0	0	0	0.108	0.071
chr7	118597855	A	T	NA	PASS	16.74	NA	intergenic	NA	0	0	0.389	0	0
chr7	119853422	T	A	NA	PASS	14.01	NA	ncRNA	LINC02476	0.281	0.324	0.28	0.174	0.114
chr7	120229667	G	C	NA	PASS	10.94	NA	intergenic	NA	0	0.154	0	0	0
chr7	122407659	G	T	NA	PASS	27.1	NA	missense	CADPS2	0	0	0.212	0	0
chr7	125696338	T	A	NA	PASS	15.64	NA	intergenic	NA	0	0	0	0.052	0.091
chr7	125934490	T	A	NA	PASS	12.52	NA	intergenic	NA	0.25	0.278	0.296	0.164	0.037
chr7	126960437	T	A	NA	PASS	17.14	NA	genic_other	GRM8	0	0	0	0.083	0.09
chr7	139915155	A	T	NA	PASS	16.98	NA	genic_other	TBXAS1	0.7	0.609	0.667	0.324	0.244
chr7	150323788	G	C	NA	PASS	13.53	NA	genic_other	LRRC61	0	0	0	0.099	0.024
chr8	731269	A	T	rs912856683	PASS	10.86	NA	genic_other	ERICH1	0.16	0.122	0.286	0.053	0.115
chr8	3966610	A	G	NA	PASS	13.01	NA	genic_other	CSMD1	0	0.02	0	0.069	0.056
chr8	4779709	A	G	NA	PASS	12.12	NA	genic_other	CSMD1	0.103	0	0	0	0
chr8	10332653	T	C	NA	PASS	14.19	NA	genic_other	MSRA	0.382	0.367	0.538	0.141	0.229
chr8	23854399	T	G	NA	PASS	13.45	NA	genic_other	STC1	0.034	0	0	0.013	0.105
chr8	25003900	C	G	NA	PASS	10.3	NA	intergenic	NA	0.02	0	0.217	0.011	0.016
chr8	25142249	T	A	NA	PASS	12.68	NA	intergenic	NA	0	0	0	0.039	0.048
chr8	25382776	C	T	rs368136518	PASS	33	NA	missense	DOCK5	0.069	0.195	0	0.13	0.059
chr8	32372841	G	A	rs765147458	PASS	21.3	NA	genic_other	NRG1	0	0	0	0.105	0.022
chr8	32710457	G	T	NA	PASS	10.35	NA	genic_other	NRG1	0	0	0	0.087	0.074
chr8	34119873	T	A	NA	PASS	13.02	NA	intergenic	NA	0.136	0.273	0.191	0.084	0.085
chr8	36054683	A	C	rs1801765253	PASS	14.49	NA	intergenic	NA	0	0	0	0.068	0.09
chr8	40888445	A	G	NA	PASS	15.29	NA	genic_other	ZMAT4	0	0.099	0	0	0
chr8	41937538	G	A	rs786200961	PASS	37	Pathogenic	stopgain	KAT6A	0.191	0.14	0.153	0.069	0.1
chr8	44535869	G	A	NA	NALOD_1.0,alignment	10.2	NA	intergenic	NA	0.053	0.28	0.176	0	0.125
chr8	44903368	A	G	rs1276396716	alignment	11.29	NA	intergenic	NA	0.567	0.4	0.576	0.286	0.143
chr8	45861126	A	G	rs1373104668	alignment	11.98	NA	intergenic	NA	0.545	0.4	0.4	0.367	0.333
chr8	52004732	A	T	NA	PASS	12.97	NA	intergenic	NA	0.125	0.196	0.096	0.087	0.074
chr8	58955129	A	G	NA	PASS	11.17	NA	genic_other	TOX	0.293	0.369	0.371	0.156	0.164
chr8	60816407	G	A	NA	PASS	41	NA	stopgain	CHD7	0	0	0.118	0.011	0
chr8	63286836	T	A	NA	PASS	18.39	NA	intergenic	NA	0.173	0.231	0.208	0.144	0.085
chr8	63627093	C	A	NA	PASS	12.33	NA	intergenic	NA	0.075	0	0	0	0
chr8	64890149	C	A	NA	PASS	10.07	NA	intergenic	NA	0.58	0.625	0.634	0.275	0.278
chr8	64998225	C	G	NA	PASS	10.82	NA	intergenic	NA	0.038	0.191	0	0.149	0.067
chr8	65188173	C	T	NA	PASS	20.3	NA	intergenic	NA	0	0	0	0.104	0.038
chr8	69097873	G	C	NA	PASS	17.53	NA	ncRNA	LINC01592	0.179	0.22	0.169	0.058	0.098
chr8	69876114	T	C	rs1821966549	PASS	12.85	NA	intergenic	NA	0	0	0.021	0.062	0.036
chr8	71918453	T	G	NA	PASS	14.59	NA	ncRNA	MSC-AS1	0	0	0	0.089	0.051
chr8	72989704	G	A	NA	PASS	11.59	NA	intergenic	NA	0	0	0	0.095	0.044
chr8	75066105	G	T	rs1805703852	PASS	12.86	NA	intergenic	NA	0	0	0	0.076	0.027
chr8	76696260	A	G	NA	PASS	19.22	NA	genic_other	ZFHX4	0.127	0.245	0.245	0.086	0.07
chr8	76798379	A	T	rs1811036804	PASS	20.9	NA	genic_other	ZFHX4	0.23	0.158	0.231	0.094	0.097
chr8	77468202	T	A	NA	PASS	16.7	NA	ncRNA	LOC102724874	0	0	0	0.041	0.132
chr8	77984324	G	T	rs1807968520	PASS	17.3	NA	intergenic	NA	0	0	0	0.032	0.118
chr8	78595579	C	A	NA	PASS	10.94	NA	genic_other	PKIA	0	0.125	0	0	0
chr8	80522136	T	C	rs896258799	PASS	11.99	NA	genic_other	ZBTB10	0.182	0.182	0.214	0.114	0.086
chr8	82841979	T	G	NA	PASS	16.26	NA	intergenic	NA	0.062	0	0	0.09	0.111
chr8	88707897	T	A	NA	PASS	20.7	NA	intergenic	NA	0.075	0.283	0	0.058	0.082
chr8	90150934	G	T	rs1001149098	PASS	12.99	NA	intergenic	NA	0	0	0	0.073	0.023
chr8	92673610	AT	A	rs1439622518	PASS	11.53	NA	intergenic	NA	0.044	0.196	0	0.041	0.207
chr8	93013790	C	A	NA	PASS	12.53	NA	intergenic	NA	0	0	0	0.101	0.031
chr8	95118330	A	G	NA	PASS	10.19	NA	intergenic	NA	0	0	0	0.095	0.113
chr8	98707241	C	T	NA	PASS	23.6	NA	missense	STK3	0	0	0	0.038	0.066
chr8	100840065	T	A	NA	PASS	11.9	NA	intergenic	NA	0.26	0.191	0.211	0.136	0.104
chr8	102864380	CGCCCTCCA	C	NA	PASS	16.67	NA	ncRNA	MAILR	0.312	0.442	0.426	0.2	0.19
chr8	105525799	C	T	rs1814162681	PASS	13.8	NA	genic_other	ZFPM2	0.625	0.659	0.481	0.206	0.284
chr8	105601714	A	T	NA	PASS	13.34	NA	genic_other	ZFPM2	0	0.149	0	0	0
chr8	111524852	A	G	NA	PASS	11.65	NA	intergenic	NA	0.139	0.174	0.175	0.071	0.039
chr8	114680502	A	C	NA	PASS	12.08	NA	intergenic	NA	0.118	0.136	0.25	0.069	0.079
chr8	116580144	G	A	rs60264582	PASS	15.99	NA	intergenic	NA	0	0	0	0.06	0.037
chr8	117330305	A	T	NA	PASS	15.05	NA	intergenic	NA	0	0	0	0.053	0.069
chr8	117823431	C	G	NA	PASS	16.38	NA	genic_other	EXT1	0	0.111	0	0.013	0
chr8	130444001	G	T	NA	PASS	13.22	NA	genic_other	ASAP1	0	0	0	0.071	0.114
chr8	131137661	C	G	NA	PASS	16.77	NA	intergenic	NA	0	0	0	0.087	0.047
chr8	135419596	G	C	NA	PASS	16.13	NA	intergenic	NA	0.038	0	0	0.083	0.053
chr8	136181532	T	C	rs1816965477	PASS	11.82	NA	intergenic	NA	0.521	0.597	0.614	0.299	0.327
chr8	137387157	T	A	NA	PASS	10.13	NA	intergenic	NA	0.211	0.129	0.127	0.117	0.101
chr9	1250041	C	G	NA	PASS	16	NA	intergenic	NA	0	0	0.105	0	0.019
chr9	9100926	A	T	NA	PASS	16.09	NA	genic_other	PTPRD	0.483	0.256	0.455	0.141	0.079
chr9	20491358	A	G	NA	PASS	13.15	NA	genic_other	MLLT3	0.037	0.2	0	0	0
chr9	22512678	C	CA	NA	PASS	13.15	NA	intergenic	NA	0	0	0	0.098	0.103
chr9	64004139	C	T	NA	alignment	16.6	NA	intergenic	NA	0.192	0.286	0.156	0.111	0.146
chr9	73261677	G	A	NA	PASS	13.98	NA	intergenic	NA	0	0	0	0.07	0.061
chr9	80467015	G	A	NA	PASS	12.91	NA	intergenic	NA	0.6	0.8	0.667	0.242	0.25
chr9	81021060	G	A	rs935649545	PASS	13.03	NA	intergenic	NA	0	0	0.389	0	0
chr9	97877098	A	G	rs139716572	PASS	14.54	NA	intergenic	NA	0	0	0	0.108	0.129
chr9	101562441	G	T	NA	PASS	12.06	NA	genic_other	RNF20	0	0	0	0.076	0.097
chr9	110608739	T	A	NA	PASS	10.25	NA	intergenic	NA	0.697	0.605	0.5	0.188	0.169
chr9	116727408	T	C	NA	PASS	10.81	NA	genic_other	ASTN2	0.027	0	0.3	0	0
chr9	118401914	C	A	NA	PASS	10.92	NA	intergenic	NA	0	0	0.207	0	0
chr9	122654197	G	C	NA	PASS	10.86	NA	intergenic	NA	0	0	0	0.143	0.043
chr9	134213097	G	A	NA	PASS	10.84	NA	intergenic	NA	0	0	0	0.069	0.039
chr9	135499762	C	T	rs774463865	PASS	10.26	NA	synonymous	C9orf116	0.358	0.217	0.224	0.153	0.122
chr10	5924075	TAGGTG	T	NA	PASS	17.19	NA	genic_other	FBH1	0	0.035	0.067	0	0
chr10	15569893	A	T	NA	PASS	13.82	NA	genic_other	ITGA8	0.455	0.386	0.412	0.15	0.032
chr10	16490896	A	G	rs1279726630	PASS	10.6	NA	genic_other	PTER	0.257	0.214	0.107	0.031	0
chr10	17453567	GGCGCGCGGTACCGCGGTCGCC	G	NA	PASS	20.7	NA	inframe_indel	ST8SIA6	0.431	0.452	0.5	0.053	0.064
chr10	18368817	A	G	NA	PASS	16.07	NA	genic_other	CACNB2	0	0.17	0	0	0
chr10	23085429	A	G	NA	PASS	11.59	NA	intergenic	NA	0	0	0	0.093	0.051
chr10	37434908	C	A	NA	PASS	10.09	NA	intergenic	NA	0.045	0.353	0.1	0.12	0.117
chr10	38626470	G	T	rs1835542707	alignment	13.97	NA	intergenic	NA	0.219	0.346	0.204	0.091	0.127
chr10	40879063	G	A	rs1837516596	alignment	10.16	NA	intergenic	NA	0	0.5	0	0	0.176
chr10	45156223	ACTGAGCACCATCACAC	A	NA	PASS	10.66	NA	ncRNA	ANKRD30BP3	0	0	0	0.054	0.051
chr10	50159546	T	G	NA	alignment	13.55	NA	intergenic	NA	0	0	0	0.078	0.085
chr10	50159550	A	T	NA	alignment	11.98	NA	intergenic	NA	0	0	0	0.081	0.082
chr10	50810037	G	T	NA	PASS	29.1	NA	missense	A1CF	0	0	0.2	0	0
chr10	50828206	T	C	NA	PASS	16.14	NA	missense	A1CF	0.465	0.516	0.452	0.129	0.159
chr10	51768248	TA	T	NA	PASS	10.37	NA	genic_other	PRKG1	0.655	0.5	0.463	0.103	0.299
chr10	56293956	T	A	NA	PASS	12.09	NA	intergenic	NA	0.449	0.479	0.528	0.206	0.222
chr10	58113575	A	G	rs1841536017	PASS	12.11	NA	intergenic	NA	0.525	0.605	0.352	0.184	0.081
chr10	72913532	C	A	NA	PASS	11.44	NA	genic_other	OIT3	0.447	0.429	0.413	0.241	0.258
chr10	75646391	C	T	NA	PASS	21.1	NA	genic_other	LRMDA	0	0.145	0	0	0
chr10	80398782	T	A	NA	PASS	14.59	NA	intergenic	NA	0	0.237	0	0	0
chr10	89885354	A	T	NA	PASS	13.83	NA	ncRNA	LINC01374	0	0	0	0.042	0.085
chr10	94552811	A	C	rs866230869	PASS	11.62	NA	genic_other	HELLS	0.028	0.023	0	0.068	0.056
chr10	96299396	T	A	NA	PASS	10.09	NA	intergenic	NA	0.417	0.558	0.456	0.218	0.145
chr10	96755579	A	G	NA	PASS	10.41	NA	intergenic	NA	0.312	0.146	0.189	0.108	0.146
chr10	98268292	GCGGGC	G	NA	NALOD_1.0	16.81	NA	genic_other	LOXL4	0.087	0.097	0	0	0
chr10	99402579	C	G	NA	PASS	33	NA	splicing	GOT1	0	0	0	0.115	0.05
chr10	101666216	T	C	NA	PASS	18.67	NA	genic_other	FBXW4	0.149	0.16	0.323	0.092	0.177
chr10	105497703	T	C	NA	PASS	12.08	NA	intergenic	NA	0.532	0.5	0.604	0.247	0.183
chr10	106805504	G	A	NA	PASS	14.82	NA	genic_other	SORCS1	0	0	0	0.136	0.133
chr10	108490056	G	T	NA	PASS	12.06	NA	intergenic	NA	0.333	0.372	0.633	0.1	0.191
chr10	111901890	T	A	NA	PASS	13.77	NA	intergenic	NA	0	0.174	0	0	0
chr10	112761455	CCTTGTTTG	C	NA	CONTQ_10	17.82	NA	genic_other	VTI1A	0	0.065	0.024	0	0
chr10	120130685	T	C	NA	PASS	12.79	NA	intergenic	NA	0.026	0	0	0.032	0.056
chr10	122479233	G	A	rs2097489925	PASS	11.59	NA	genic_other	HTRA1	0.318	0.204	0.229	0.093	0.101
chr11	3702668	G	C	NA	PASS	23.7	NA	missense	NUP98	0.189	0.35	0.395	0.17	0.164
chr11	14505250	T	TGTGCCTTTCTCTGTGGTC	NA	CONTQ_10	11.23	NA	splicing	PSMA1	0.043	0.027	0.073	0.019	0.015
chr11	14513698	TCCTACAAATAGAAATAAATACACCACATAATTATTTACTTTGGTTGAACTAAAAATTATAAAAATTTCTAGTTAATTAAAAAAAATCATTAACATATAACAATATTCAATGAACTTA	T	NA	PASS	25.4	NA	frameshift_indel	PSMA1	0.238	0.148	0.076	0.07	0.05
chr11	24463013	T	C	NA	PASS	10.15	NA	intergenic	NA	0	0	0	0.036	0.102
chr11	27681790	A	C	rs1856858428	PASS	12.49	NA	ncRNA	BDNF-AS	0	0	0	0.031	0.069
chr11	29496813	T	C	NA	PASS	11.52	NA	intergenic	NA	0.241	0.25	0.211	0.128	0.074
chr11	31999218	T	C	NA	PASS	10.62	NA	intergenic	NA	0	0	0	0.065	0.067
chr11	43084183	T	G	NA	PASS	15.92	NA	intergenic	NA	0	0	0.275	0	0
chr11	43535605	C	T	rs552514016	PASS	13.76	NA	intergenic	NA	0.892	0.973	0.943	0.26	0.235
chr11	48226393	T	C	NA	PASS	10.3	NA	intergenic	NA	0.929	0.895	0.857	0.211	0.196
chr11	48373725	G	A	NA	PASS	13.37	NA	intergenic	NA	0.812	0.875	0.929	0.327	0.309
chr11	52535194	G	A	NA	alignment	10.06	NA	intergenic	NA	1	1	0	0	0.333
chr11	58329235	G	T	NA	PASS	12.27	NA	intergenic	NA	0.257	0.31	0.276	0.109	0.079
chr11	59210905	C	T	NA	PASS	22.5	NA	missense	MPEG1	0	0	0	0.073	0.055
chr11	59211154	C	G	NA	PASS	22.6	NA	missense	MPEG1	0	0	0	0.067	0.065
chr11	59639197	C	A	NA	PASS	33	NA	missense	PATL1	0	0	0	0.093	0.059
chr11	62956976	C	A	NA	PASS	11.83	NA	intergenic	NA	0.25	0.312	0.333	0.075	0.059
chr11	66364314	G	T	NA	PASS	27.8	NA	missense	SLC29A2	0	0	0	0.109	0.088
chr11	67523594	A	G	NA	PASS	13.66	NA	genic_other	CABP2	0.29	0.438	0.364	0.143	0.093
chr11	75030276	A	G	NA	PASS	11.13	NA	intergenic	NA	0.912	0.854	0.944	0.309	0.329
chr11	76661063	TG	T	NA	CONTQ_10	22.9	NA	frameshift_indel	LRRC32	0.071	0.061	0.034	0	0
chr11	84358224	A	G	NA	PASS	17.31	NA	genic_other	DLG2	0.303	0.25	0.333	0.092	0.205
chr11	105412639	C	T	NA	PASS	12.44	NA	intergenic	NA	0	0	0	0.171	0.048
chr11	110093336	T	C	NA	PASS	14.9	NA	genic_other	ZC3H12C	0.444	0.591	0.455	0.238	0.059
chr11	118609587	CTCACA	C	NA	PASS	11.9	NA	genic_other	PHLDB1	0.138	0	0	0	0
chr11	120305185	G	C	NA	PASS	24.5	NA	missense	POU2F3	0.297	0.311	0.2	0.167	0.14
chr11	120609031	T	G	NA	PASS	17.31	NA	genic_other	GRIK4	0	0	0	0.109	0.068
chr11	124023047	T	C	NA	PASS	23.4	NA	missense	OR10G9	0	0.208	0	0	0
chr11	126963553	C	T	NA	PASS	11.04	NA	genic_other	KIRREL3	0	0	0.231	0.014	0
chr11	129799415	A	G	NA	PASS	11.04	NA	intergenic	NA	0	0	0.176	0	0
chr11	130680392	T	G	NA	PASS	10.15	NA	ncRNA	LINC02873	0	0	0	0.075	0.109
chr11	132427907	G	A	NA	PASS	16.08	NA	genic_other	OPCML	0	0	0	0.066	0.066
chr11	133762802	C	A	NA	PASS	11.81	NA	intergenic	NA	0.041	0.217	0	0	0
chr11	134004746	A	C	NA	PASS	18.9	NA	intergenic	NA	0	0.147	0	0	0
chr12	4810520	TGTGGCTGCTCTTTGAGTACCCAGAGAGCTCTGGGCCGGCCAG	T	NA	PASS	21.1	NA	inframe_indel	KCNA6	0.071	0	0.026	0	0
chr12	5165554	T	TG	NA	PASS	12.73	NA	intergenic	NA	0.611	0.364	0.333	0.237	0.111
chr12	8032697	C	G	rs376625986	PASS	19.17	NA	genic_other	FOXJ2	0.3	0.667	0.2	0.214	0.111
chr12	14340415	A	G	NA	PASS	14.18	NA	intergenic	NA	0	0.381	0	0	0
chr12	15160090	T	C	NA	PASS	14.16	NA	genic_other	RERG	0.263	0.6	0.531	0.085	0.082
chr12	18045853	T	A	NA	PASS	16.29	NA	intergenic	NA	0.4	0.545	0.387	0.127	0.103
chr12	31382401	G	C	rs1229719686	PASS	19.19	NA	genic_other	DENND5B	0.357	0.346	0.5	0.085	0.092
chr12	35801933	T	A	rs1291619538	alignment	11.42	NA	intergenic	NA	0.286	0.143	0	0.05	0.115
chr12	36867108	C	G	rs1221038660	alignment	10.01	NA	intergenic	NA	0	0.333	0	0.4	0.2
chr12	47366003	A	T	NA	PASS	14.16	NA	intergenic	NA	0.029	0	0.37	0	0
chr12	51806345	G	A	NA	PASS	29.1	NA	missense	SCN8A	0.333	0.25	0.48	0.111	0.13
chr12	52574068	C	T	NA	PASS	13.84	NA	genic_other	KRT74	0	0	0	0.125	0.074
chr12	55927021	C	A	NA	PASS	18.8	NA	genic_other	PYM1	0.517	0.471	0.294	0.125	0.098
chr12	56516652	G	A	rs1871466396	PASS	14.3	NA	intergenic	NA	0.286	0.306	0.244	0.183	0.141
chr12	82001429	G	T	NA	PASS	12.41	NA	intergenic	NA	0.194	0	0	0	0
chr12	83707317	A	C	NA	PASS	11.91	NA	intergenic	NA	0.179	0.406	0.304	0.097	0.093
chr12	91104190	A	G	NA	PASS	15.99	NA	missense	LUM	0	0	0.133	0	0
chr12	94520336	G	C	NA	PASS	10.59	NA	intergenic	NA	0.091	0.211	0	0	0
chr12	95697298	A	G	rs1322887710	PASS	10.86	NA	genic_other	NTN4	0.52	0.641	0.667	0.189	0.155
chr12	102720432	C	T	NA	PASS	14.46	NA	intergenic	NA	0	0.194	0	0	0
chr12	110007079	C	A	NA	PASS	13.93	NA	genic_other	ANKRD13A	0	0	0.163	0	0
chr12	119618576	C	T	NA	PASS	11.28	NA	genic_other	TMEM233	0.559	0.486	0.66	0.204	0.239
chr12	130407761	C	T	rs370980032	PASS	23.9	NA	missense	RIMBP2	0.424	0.516	0.658	0.236	0.26
chr13	17984854	A	C	NA	alignment	11.04	NA	intergenic	NA	0.091	0.04	0.071	0.029	0
chr13	28422144	G	A	NA	PASS	13.86	NA	genic_other	FLT1	0	0.122	0	0	0
chr13	28818881	T	A	NA	PASS	14.06	NA	intergenic	NA	0	0	0	0.048	0.029
chr13	30882705	A	G	NA	PASS	17.3	NA	ncRNA	LINC00545	0	0	0	0.121	0.125
chr13	42787078	G	C	NA	PASS	10.18	NA	genic_other	FAM216B	0	0	0	0.087	0.098
chr13	44833245	G	T	NA	PASS	10.15	NA	intergenic	NA	0.023	0	0	0	0.059
chr13	56073596	C	T	NA	PASS	12.66	NA	intergenic	NA	0.214	0.324	0.481	0.083	0.125
chr13	58595987	A	T	NA	PASS	15.93	NA	intergenic	NA	0	0	0.25	0	0
chr13	59718543	G	T	rs1419174717	PASS	11.52	NA	genic_other	DIAPH3	0.167	0.238	0.361	0.129	0.178
chr13	60886630	T	G	NA	PASS	16.03	NA	intergenic	NA	0	0	0.176	0	0
chr13	61183644	G	T	NA	PASS	10.18	NA	intergenic	NA	0.219	0.343	0.346	0.128	0.061
chr13	67689150	T	C	NA	PASS	11.93	NA	intergenic	NA	0.296	0.267	0.407	0.061	0.053
chr13	77405700	A	C	rs2082814918	PASS	10.55	NA	intergenic	NA	0	0	0	0.145	0.089
chr13	100893269	C	T	NA	PASS	12.18	NA	ncRNA	NALCN-AS1	0.529	0.725	0.636	0.237	0.31
chr13	112062300	C	G	NA	PASS	17.39	NA	ncRNA	SOX1-OT	0.302	0.219	0.094	0.049	0.086
chr14	16105047	T	A	NA	PASS	11.16	NA	intergenic	NA	0.091	0.091	0	0	0.033
chr14	19669507	A	G	rs1594323953	PASS	11.72	NA	intergenic	NA	0.045	0.042	0.032	0.018	0.018
chr14	23010101	C	A	NA	PASS	25.2	NA	genic_other	C14orf93	0	0	0	0.08	0.052
chr14	23514222	T	C	NA	PASS	11.47	NA	intergenic	NA	0.17	0.293	0.178	0.078	0.049
chr14	25274966	T	G	NA	PASS	14.66	NA	intergenic	NA	0	0	0.146	0	0
chr14	28893589	C	T	NA	PASS	10.26	NA	intergenic	NA	0.3	0.2	0.163	0.09	0.063
chr14	29275099	G	C	NA	PASS	18.62	NA	intergenic	NA	0.486	0.442	0.534	0.173	0.159
chr14	29490244	A	G	NA	PASS	22.4	NA	intergenic	NA	0.528	0.596	0.475	0.178	0.242
chr14	38931883	C	T	rs1883619675	PASS	14.07	NA	intergenic	NA	0	0	0	0.121	0.025
chr14	43149854	A	T	NA	PASS	10.22	NA	intergenic	NA	0.293	0.205	0.25	0.104	0.066
chr14	44267652	A	G	NA	PASS	11.14	NA	intergenic	NA	0	0.109	0	0	0
chr14	60627626	C	A	NA	PASS	11.65	NA	intergenic	NA	0.488	0.486	0.371	0.245	0.179
chr14	63141650	C	A	rs975630240	PASS	11.32	NA	intergenic	NA	0	0	0	0.075	0.107
chr14	64628999	T	A	NA	PASS	12.22	NA	intergenic	NA	0	0	0	0.041	0.041
chr14	66210011	A	C	NA	PASS	11.79	NA	intergenic	NA	0	0	0	0.085	0.088
chr14	70843282	C	T	rs2055244136	PASS	17.27	NA	intergenic	NA	0	0	0	0.143	0.038
chr14	80370699	A	G	NA	PASS	12.05	NA	ncRNA	DIO2-AS1	0.306	0.36	0.321	0.154	0.074
chr14	81748655	A	T	NA	PASS	21.2	NA	intergenic	NA	0.364	0.432	0.25	0.08	0.167
chr14	82327803	A	T	NA	PASS	14.84	NA	intergenic	NA	0	0	0	0.067	0.154
chr14	85798488	A	G	NA	PASS	12.64	NA	intergenic	NA	0.276	0.216	0.444	0.15	0.149
chr14	88321576	G	A	NA	PASS	13.31	NA	genic_other	KCNK10	0	0	0	0.09	0.102
chr14	90134304	A	T	rs1889909519	PASS	13.59	NA	genic_other	KCNK13	0.05	0.195	0	0.083	0.101
chr14	94907829	CA	AC	NA	PASS	19.56	NA	intergenic	NA	0	0	0	0.065	0.091
chr14	95727334	T	A	NA	PASS	10.27	NA	ncRNA	LOC107984703	0	0	0	0.061	0.079
chr14	100792129	G	A	NA	PASS	19.8	NA	intergenic	NA	0.646	0.667	0.543	0.25	0.198
chr15	24319883	A	G	rs200801173	alignment	14.63	NA	intergenic	NA	0.042	0.105	0	0.042	0.031
chr15	28096842	C	T	NA	PASS	10.44	NA	genic_other	OCA2	0.167	0	0.419	0	0
chr15	40112545	C	T	rs12594543	PASS	17.52	NA	intergenic	NA	0.414	0.429	0.362	0.065	0.147
chr15	42200539	T	C	NA	PASS	10.68	NA	genic_other	VPS39	0.034	0.25	0	0	0
chr15	43600534	C	G	NA	PASS	35	NA	missense	STRC	0.125	0.5	0.412	0.113	0.118
chr15	46265379	T	C	NA	PASS	10.83	NA	intergenic	NA	0	0.333	0	0	0
chr15	51935477	T	C	NA	PASS	10.32	NA	intergenic	NA	0.739	0.929	0.812	0.311	0.241
chr15	59868286	C	T	rs1203910554	PASS	16.08	NA	intergenic	NA	0.048	0	0.345	0	0
chr15	61400444	A	G	NA	PASS	15.42	NA	intergenic	NA	0.897	1	0.85	0.21	0.169
chr15	62722489	C	T	NA	PASS	22.1	NA	splicing	TLN2	0.444	0.381	0.429	0.106	0.075
chr15	78149181	G	T	NA	PASS	13.75	NA	genic_other	IDH3A	0	0	0	0.053	0.039
chr15	86800669	C	G	rs1273616313	PASS	10.15	NA	genic_other	AGBL1	0.069	0.176	0	0	0
chr15	88135928	C	T	NA	PASS	21.2	NA	missense	NTRK3	0.077	0.278	0	0	0
chr15	88531070	G	T	NA	PASS	13.49	NA	missense	DET1	0.417	0.385	0.389	0.161	0.08
chr15	89711003	G	C	NA	PASS	10.64	NA	genic_other	WDR93	0	0.258	0	0	0
chr15	95307543	G	C	NA	PASS	13.44	NA	ncRNA	LINC01197	0	0.111	0	0	0.017
chr16	5756653	C	T	rs534118482	PASS	14	NA	intergenic	NA	0.862	0.769	0.8	0.239	0.189
chr16	6241455	A	T	NA	PASS	16.47	NA	genic_other	RBFOX1	0.727	0.931	0.828	0.225	0.246
chr16	8296045	C	A	NA	PASS	20.7	NA	intergenic	NA	0.9	0.8	0.87	0.239	0.257
chr16	9787863	G	T	NA	PASS	13.67	NA	genic_other	GRIN2A	0.154	0.381	0	0.137	0.125
chr16	14129590	A	G	NA	PASS	14.62	NA	genic_other	MRTFB	0.92	0.955	0.737	0.311	0.257
chr16	18899809	A	T	NA	alignment	18.88	NA	genic_other	SMG1	0	0	0.172	0	0
chr16	22337090	A	G	NA	PASS	12.96	NA	intergenic	NA	0.25	0.333	0.5	0.213	0.101
chr16	25542576	G	C	NA	PASS	19.4	NA	intergenic	NA	0	0	0	0.059	0.044
chr16	34091637	T	C	rs896261416	PASS	11.72	NA	intergenic	NA	0.833	0.833	0.808	0.123	0.25
chr16	34594007	C	G	rs1960069233	CONTQ_10,alignment	10.18	NA	intergenic	NA	0.025	0.028	0.04	0.011	0.02
chr16	34601436	A	G	rs1231785858	PASS	10.37	NA	intergenic	NA	0.545	0.333	0.364	0.024	0.065
chr16	82900872	T	C	rs1597172658	PASS	19.1	NA	genic_other	CDH13	0	0	0	0.145	0.045
chr16	89923258	TCCCGATTGGCCA	T	NA	PASS	19.79	NA	genic_other	TUBB3	0	0.043	0.214	0	0
chr17	1743300	C	T	NA	PASS	14.52	NA	genic_other	SERPINF2	0.5	0.417	0.588	0.147	0.093
chr17	7674220	C	T	rs11540652	PASS	29.4	Pathogenic	missense	TP53	0.941	0.906	0.714	0.338	0.21
chr17	13252783	A	T	NA	PASS	10.63	NA	intergenic	NA	0	0	0	0.137	0.065
chr17	16101334	T	G	NA	PASS	13.58	NA	missense	NCOR1	0.32	0.31	0.481	0.189	0.141
chr17	21894750	T	G	NA	PASS	10.55	NA	intergenic	NA	0.955	0.778	0.85	0.327	0.222
chr17	28635232	G	A	NA	PASS	14.66	NA	synonymous	KIAA0100	0.826	0.913	0.897	0.299	0.275
chr17	38332496	G	C	NA	PASS	10.37	NA	genic_other	GPR179	0.312	0.444	0.344	0.171	0.109
chr17	42719203	G	A	NA	PASS	12.81	NA	synonymous	EZH1	0	0	0	0.087	0.097
chr17	47725745	C	T	NA	PASS	21.6	NA	intergenic	NA	0.792	0.921	0.897	0.393	0.365
chr17	50060088	C	G	NA	PASS	15.88	NA	genic_other	ITGA3	0.943	0.878	0.955	0.389	0.381
chr17	52302221	A	G	NA	PASS	10.14	NA	intergenic	NA	0.19	0.333	0.421	0.115	0.155
chr17	55315405	G	A	NA	PASS	24.6	NA	missense	HLF	0	0	0.121	0	0
chr17	61396593	G	T	NA	PASS	20.7	NA	ncRNA	TBX2-AS1	0.227	0.241	0.297	0.109	0.143
chr17	70148567	G	T	NA	PASS	16.41	NA	intergenic	NA	0	0	0	0.057	0.09
chr17	72342634	G	C	NA	PASS	12.95	NA	genic_other	LINC02003	0.259	0.333	0.191	0.016	0.08
chr17	73170355	G	A	rs968860218	PASS	23	NA	missense	SSTR2	0.089	0.133	0.019	0.108	0.057
chr17	75468373	G	A	NA	PASS	11.63	NA	genic_other	TMEM94	0	0	0	0.033	0.048
chr17	79777691	GTGGGGC	G	NA	PASS	11.75	NA	genic_other	CBX2	0.029	0.05	0.068	0	0
chr17	81427815	G	A	rs1000042484	PASS	20	NA	genic_other	BAHCC1	0.257	0.346	0.595	0.113	0.136
chr18	7618922	A	T	NA	PASS	21.2	NA	genic_other	PTPRM	0.481	0.344	0.571	0.141	0.102
chr18	15685886	C	T	rs1424582772	alignment	10.66	NA	intergenic	NA	0.6	0.222	NA	0.143	0
chr18	15754994	A	T	rs1486235713	alignment	10.55	NA	intergenic	NA	0.021	0.044	0.029	0.01	0.019
chr18	29979791	T	A	NA	PASS	10.52	NA	intergenic	NA	0.438	0.357	0.381	0.188	0.08
chr18	30039333	G	T	NA	PASS	15.49	NA	intergenic	NA	0	0.231	0	0	0
chr18	35201616	C	T	NA	PASS	13.55	NA	intergenic	NA	0	0	0	0.086	0.029
chr18	37383372	C	T	NA	PASS	10.32	NA	genic_other	CELF4	0.308	0.486	0.432	0.078	0.177
chr18	38160758	G	A	NA	PASS	18.33	NA	intergenic	NA	0.522	0.565	0.304	0.13	0.091
chr18	41714529	T	A	NA	PASS	13.04	NA	intergenic	NA	0	0.5	0	0	0
chr18	52569643	G	T	NA	PASS	10.2	NA	genic_other	DCC	0.238	0.25	0	0.153	0.041
chr19	6389496	G	A	rs149942231	PASS	25	NA	missense	GTF2F1	0.857	0.788	0.909	0.239	0.21
chr19	8596097	C	T	rs538831236	PASS	27.8	NA	missense	ADAMTS10	0.043	0.222	0	0.083	0.068
chr19	11350130	C	CCCCTATTTTACTGCTTTATACTCTCATAGTAGTTTAATATATG	NA	PASS	33	NA	stopgain	CCDC159	0.086	0.17	0.109	0.019	0.048
chr19	14496179	C	T	NA	PASS	14.36	NA	genic_other	GIPC1	0.024	0.15	0	0.024	0.036
chr19	16129753	C	T	NA	PASS	10.51	NA	genic_other	RAB8A	0	0	0	0.052	0.029
chr19	17366154	G	C	NA	PASS	23.2	NA	missense	PLVAP	0.061	0.224	0.071	0.087	0.039
chr19	18281583	C	T	rs1969952752	PASS	17.17	NA	genic_other	JUND	0.435	0.5	0.52	0.227	0.344
chr19	21214616	C	G	NA	PASS	12.85	NA	intergenic	NA	0.018	0.141	0	0	0.009
chr19	22040090	G	T	rs73930379	PASS	12.64	NA	intergenic	NA	0.366	0.393	0.349	0.237	0.203
chr19	29529812	C	T	rs768417641	PASS	14.62	NA	genic_other	VSTM2B	0.254	0.345	0.26	0.12	0.081
chr19	33797111	G	C	NA	PASS	17.79	NA	genic_other	KCTD15	0	0	0	0.083	0.143
chr19	37615716	T	C	NA	PASS	11.09	NA	intergenic	NA	0.13	0	0	0	0
chr20	968082	C	T	rs375035609	PASS	27.8	NA	missense	RSPO4	0.41	0.438	0.464	0.095	0.171
chr20	1828522	T	C	rs1182804796	PASS	14.75	NA	intergenic	NA	0.32	0.14	0.154	0.11	0.132
chr20	3251046	C	T	rs1307445887	PASS	10.37	NA	genic_other	C20orf194	0	0	0	0.079	0.043
chr20	6229425	T	C	NA	PASS	20.6	NA	intergenic	NA	0.27	0.25	0.244	0.132	0.162
chr20	7150142	T	G	NA	PASS	21.5	NA	ncRNA	LINC01428	0.049	0.143	0	0.113	0.046
chr20	7150216	T	C	NA	PASS	20.5	NA	ncRNA	LINC01428	0.019	0.136	0	0.14	0.034
chr20	8984960	C	A	NA	PASS	20.2	NA	intergenic	NA	0	0	0.167	0	0
chr20	9647495	A	T	NA	PASS	18.79	NA	genic_other	PAK5	0	0	0	0.079	0.067
chr20	9874407	A	G	NA	PASS	11.22	NA	intergenic	NA	0.178	0.429	0.357	0.079	0.103
chr20	10249802	C	T	rs2063193932	PASS	10.19	NA	genic_other	SNAP25	0.205	0.333	0.192	0.072	0.111
chr20	21777803	T	A	NA	PASS	18.69	NA	intergenic	NA	0.238	0.273	0.189	0.064	0.086
chr20	27614741	T	A	NA	alignment	12.18	NA	intergenic	NA	0	0	0	0.118	0.105
chr20	35724577	G	C	NA	PASS	24.9	NA	missense	RBM39	0.238	0.158	0.279	0.128	0.165
chr20	46777271	C	A	NA	PASS	16.56	NA	intergenic	NA	0	0	0.229	0.016	0
chr20	46777354	C	G	NA	PASS	19.32	NA	intergenic	NA	0	0	0.219	0	0
chr20	50343507	GGGTTGGGGAGGGAAAGTGGGCCAGGGAGCTAAGCCCTCCAGGGTCTGCAGGACCAGGCAGGAGGCTCTGAAGGA	G	NA	PASS	17.36	NA	intergenic	NA	0.016	0.029	0.011	0	0
chr20	62851509	T	C	NA	PASS	19.53	NA	genic_other	TCFL5	0	0	0	0.071	0.031
chr21	10356122	T	G	NA	alignment	12.55	NA	intergenic	NA	0.138	0.109	0.133	0.042	0.033
chr21	20509495	G	A	rs1985779602	PASS	15.19	NA	intergenic	NA	0.25	0.333	0.238	0.205	0.071
chr21	22807922	T	C	NA	PASS	12.07	NA	intergenic	NA	0.923	0.818	0.842	0.259	0.333
chr21	30373614	T	C	NA	PASS	17.66	NA	intergenic	NA	0	0.029	0	0.097	0.157
chr21	39232178	C	A	NA	PASS	31	NA	missense	BRWD1	0	0	0	0.021	0.067
chr21	39792221	A	G	rs374488550	PASS	10.6	NA	genic_other	IGSF5	0	0.156	0	0	0
chr22	12601610	A	C	NA	PASS	11.22	NA	intergenic	NA	0	0	0	0.084	0.037
chr22	16261904	C	T	rs1176560478	pon_germline	11.09	NA	intergenic	NA	0.75	0.962	0.792	0.174	0.415
chr22	22901176	G	A	rs1326284342	alignment	24.3	NA	intergenic	NA	0.367	0.259	0.381	0.105	0.165
chr22	24492425	AG	GT	NA	PASS	11.65	NA	ncRNA	ADORA2A-AS1	0	0	0	0.086	0.062
chr22	26375553	C	A	NA	PASS	14.43	NA	genic_other	SEZ6L	0	0	0.292	0	0
chr22	28927490	A	G	rs933833274	PASS	14.1	NA	genic_other	ZNRF3	0.792	0.8	0.774	0.277	0.306
chr22	36020813	T	C	NA	alignment	12.02	NA	genic_other	RBFOX2	0.565	0.588	0.45	0.111	0.145
chr22	50284157	G	A	NA	PASS	22.5	NA	synonymous	PLXNB2	0.818	0.842	0.828	0.24	0.167
chrX	23783227	C	T	NA	PASS	13.09	NA	genic_other	SAT1	0	0	0	0.068	0.028
chrX	25956322	A	G	NA	PASS	10.46	NA	intergenic	NA	0	0	0	0.111	0.023
chrX	39842234	CT	C	NA	PASS	14.05	NA	intergenic	NA	0.917	0.625	0.643	0.256	0.15
chrX	51770666	A	T	NA	PASS	13.28	NA	intergenic	NA	0.545	0.733	0.786	0.164	0.163
chrX	77446582	G	T	NA	PASS	10.87	NA	genic_other	FGF16	0	0.556	0	0	0
chrX	97799333	G	T	NA	PASS	10.79	NA	intergenic	NA	0	0.5	0	0	0
chrX	101890519	A	T	NA	PASS	12.03	NA	genic_other	ZMAT1	0.222	0	0	0	0
chrX	104181182	C	G	NA	PASS	14.83	NA	genic_other	FAM199X	1	0.545	0.7	0.14	0.13
chrX	146603035	A	G	rs2087633177	PASS	12.29	NA	intergenic	NA	1	1	0.812	0.128	0.184
